benchmark,time,kwh,watts,cycles,instructions,r532010,r538010,cache-references,cache-misses
blackscholes,138,0.0027,72.1043478261,519163870105,697040178107,58816269218,108269665298,63410578,34425497
bodytrack,131,0.0026,72.2748091603,463890189490,818680436666,236972322026,11377609599,954738328,20897521
canneal,212,0.0042,72.1504716981,790509724098,382647976138,0,7224757729,5139100047,3295664361
ferret,278,0.006,79.5895683453,1336068467912,1787817677888,106611872315,70131051231,3326194300,1751477480
fluidanimate,269,0.0056,75.6609665428,1007437072412,1687656390079,495941639629,11,2380521557,1308006239
freqmine,379,0.0079,76.0,1428535792071,2548902315998,0,39,676565224,235402997
netstreamcluster,375,0.0087,84.0893333333,1399006359953,1087037573901,670703272371,1731287050,18872556405,16853341041
streamcluster,369,0.0075,74.2726287263,1377116891160,1037979827147,668975807703,1754260555,18565648280,16748053368
swaptions,208,0.0043,75.4956730769,779760315544,1420657653757,799790,293279818560,6982907,52854
x264,105,0.0022,76.2885714286,415824481477,629073312366,17384333,10559,3232529048,471050051
400.perlbench.w0,158,0.0033,76.5284810127,589886226823,1069811265412,0,9930439,2445342341,314847058
400.perlbench.w1,52,0.0011,78.0038461538,196729166838,371416356844,0,2270910,996587796,22212417
400.perlbench.w2,77,0.0016,77.3454545455,288433592103,668944430406,0,14666722,806844492,206749575
401.bzip2.w3,84,0.0017,75.4511904762,317197147176,543320565077,0,12,1782298057,40307499
401.bzip2.w2,41,0.0008,76.2390243902,157386078202,298334118629,0,0,4047009758,61539677
401.bzip2.w1,25,0.0005,74.884,96461780504,178556807608,0,0,1461587957,44808682
401.bzip2.w0,80,0.0016,75.9375,299811115543,414342692520,0,0,2695173577,32764711
401.bzip2.w5,61,0.0012,75.7344262295,231663475566,332286355704,0,0,2277867511,28765700
401.bzip2.w4,93,0.0019,76.0,351356144568,623832987046,0,0,3705692867,33683314
403.gcc.w8,11,0.0002,75.3909090909,44132902213,56368030819,19,648620,345017342,43316991
403.gcc.w5,31,0.0006,75.8677419355,119605660822,150939996788,131,739179,3891624323,271746882
403.gcc.w4,22,0.0004,76.05,84991990552,111066373599,19,473610,2911453611,189113186
403.gcc.w7,43,0.0009,77.8744186047,162097339613,166353061386,21,678668,2530369948,609420737
403.gcc.w6,44,0.0009,77.4159090909,167797635142,178953048690,3,452596,4016530213,755409909
403.gcc.w1,32,0.0006,75.259375,119656226257,146763751055,187,946427,1301358898,218400031
403.gcc.w0,20,0.0004,75.235,75021294885,76152751991,29,564902,1656146519,320434531
403.gcc.w3,18,0.0003,75.5,72392555542,100743971098,19,450338,2156770888,117966916
403.gcc.w2,28,0.0005,75.5392857143,107067641725,134435563339,261,1409037,4001312342,178120945
410.bwaves.w0,457,0.0102,81.4455142232,1716472353121,3441264789424,0,890140109995,20283049153,1931398126
416.gamess.w1,89,0.0019,78.1011235955,336724734059,829649230652,0,169309113006,252225247,321165
416.gamess.w0,132,0.0028,77.1113636364,498837557065,1064137044743,5,207809540374,204600818,277532
416.gamess.w2,386,0.0082,77.6556994819,1439930051779,3473502166394,1,781411414185,1066627163,3118475
429.mcf.w0,337,0.007,75.6795252226,1261096467234,312656429902,0,27,31976985012,12675548415
433.milc.w0,378,0.0082,78.9238095238,1401829865655,1162483321285,0,447619008979,22773673723,19070427201
434.zeusmp.w0,387,0.0081,75.8958656331,1444010342386,1809030842497,185726,771284965418,7870570414,4050958279
435.gromacs.w0,403,0.008,72.6111662531,1519180391515,1964405582216,859682883335,6812054577,3541074376,37630595
436.cactusADM.w0,661,0.0142,78.3030257186,2490611931858,2717086010734,0,1675582877661,9429135640,4019813443
437.leslie3d.w0,336,0.0074,80.8517857143,1256592296880,1534421942631,0,632360421409,15387447546,2576810059
444.namd.w0,338,0.007,75.2656804734,1281193661167,2284639995206,27,923241658234,310114153,25604012
445.gobmk.w4,71,0.0015,76.5929577465,271595730764,336828882319,122530901,33466082,447078387,46295511
445.gobmk.w2,67,0.0014,76.8313432836,254775381349,321155343916,266342353,96274143,826633702,91951804
445.gobmk.w3,53,0.0011,76.3358490566,201184191960,234443924245,46083855,15880609,482016891,45051749
445.gobmk.w0,53,0.0011,76.2132075472,201706006747,233303706167,35937976,12293747,602400915,46485330
445.gobmk.w1,138,0.0029,76.4630434783,515902936424,620991425038,201534268,54875695,1101184797,120023728
450.soplex.w0,131,0.0027,76.9870229008,496046843828,361144677978,0,28344904635,11730347892,3243324086
450.soplex.w1,90,0.002,81.8733333333,337391546048,381488293127,0,58823130774,5364715529,1650452036
453.povray.w0,146,0.0031,78.6410958904,555397939881,973145034767,2009705185,158028391850,1076564798,151708
454.calculix.w0,629,0.0134,77.2240063593,2350501465697,6183731865470,11301283,2589408521852,4487068485,472712600
456.hmmer.w1,265,0.0056,77.0524528302,989124522381,1855325419745,4714442225,1185563624,417342921,50678
456.hmmer.w0,121,0.0026,77.6190082645,455812762404,876753736000,3647890,25776322,345482361,5272717
458.sjeng.w0,447,0.0094,76.2257270694,1662779637000,2256414443825,0,19946,1983658834,893661808
459.GemsFDTD.w0,340,0.0077,83.0620588235,1266921673846,1405858383041,0,747115202784,30201286962,10440260180
462.libquantum.w0,366,0.0085,85.0092896175,1353484686798,2290924158524,1178248179,158954624,37108729570,13914029336
464.h264ref.w0,53,0.0011,76.5320754717,201761049073,496518516355,2274,69481707,507897758,5457074
464.h264ref.w1,41,0.0008,76.0170731707,154993164091,332122638456,2281,41123689,263119736,1647647
464.h264ref.w2,365,0.0077,76.6671232877,1361002737908,2956778742445,3191,360969654,2725904427,39886959
465.tonto.w0,396,0.0082,75.6638888889,1495658380566,2593971433563,40,498760381018,8866050830,192989230
470.lbm.w0,245,0.0058,85.8363265306,921658757187,1245971229775,0,762618005054,15807955266,3173757826
471.omnetpp.w0,288,0.006,75.8607638889,1067986814542,579964513934,5,1281146932,17262801935,7905385297
473.astar.w0,139,0.0029,76.5064748201,521078534752,405191581527,129172383,894160,8769600865,2666717824
473.astar.w1,215,0.0045,75.8813953488,802387553083,812378228631,43272242,269282,8009114495,217588771
481.wrf.w0,498,0.0105,76.9554216867,1859990439541,2977568608166,1078941152036,5332112142,5688166942,1382417002
482.sphinx3.w0,499,0.0106,77.3607214429,1855565292971,3356590194530,234853428099,710562351376,19054164612,1985785284
483.xalancbmk.w0,205,0.0042,75.92,772082215049,986261134684,0,409413714,8296119701,2619298458
998.specrand.w0,0.0,0.0,0.0,271031834,580165841,0,1174666,87694,52884
999.specrand.w0,0.0,0.0,0.0,271544759,580178616,0,1174642,88082,53088
blackscholes,138,0.0027,72.7826086957,521603271645,696914694862,58825682974,108358389920,62539730,34652210
bodytrack,131,0.0026,72.2694656489,464570759897,818698124610,236975321759,11376986162,1736916557,21317227
canneal,212,0.0042,72.3004716981,791756249157,382650980689,0,7223926809,5131948801,3321639735
ferret,278,0.0061,79.7672661871,1337197343027,1787384790544,106423066969,70160886852,3213119634,1756200764
fluidanimate,269,0.0056,75.8609665428,1008302883877,1687651842739,495937400424,11,2373574813,1320238616
freqmine,379,0.0079,75.8432717678,1442272418454,2548905810311,0,37,681441737,238628689
netstreamcluster,379,0.0088,84.3313984169,1400363513343,1087045014408,671243804137,1730845607,18875550429,16850600151
streamcluster,368,0.0075,74.2388586957,1375305868143,1037979683082,668580222850,1754399567,18566931569,16742170095
swaptions,208,0.0043,75.525,779727523123,1420657893868,2894562,293283405421,6578904,53415
x264,112,0.0023,75.0625,398398564378,598646604936,15705024,10446,3225659210,469865503
400.perlbench.w0,156,0.0032,75.9378205128,589179488967,1069810397691,0,9920037,2723480736,446199625
400.perlbench.w1,52,0.0011,78.2673076923,200329526537,371404699741,0,2272158,920917050,22334361
400.perlbench.w2,76,0.0016,77.5618421053,287354131972,668943809779,0,14647663,808333096,205829343
401.bzip2.w3,85,0.0017,75.1588235294,316950915697,543307211919,0,0,1782441505,39944207
401.bzip2.w2,41,0.0008,75.2,159331387545,298334757059,0,0,4042331066,30516933
401.bzip2.w1,24,0.0005,75.2625,96449461079,178558014583,0,2,1479934588,28728747
401.bzip2.w0,80,0.0016,75.54375,299934792388,414339401862,0,0,2698063277,41634828
401.bzip2.w5,61,0.0012,75.731147541,232524843774,332287999669,0,8,2326384467,31956600
401.bzip2.w4,93,0.0019,75.5225806452,350395430726,623828921384,0,0,3706414152,34568186
403.gcc.w8,11,0.0002,75.0545454545,44347167828,56366106388,839,651371,349999887,43271874
403.gcc.w5,31,0.0006,76.1838709677,119552850547,150863501577,5,751578,3889850549,273810364
403.gcc.w4,22,0.0004,75.9272727273,85218746549,111064358754,204,519807,2921875994,187517464
403.gcc.w7,42,0.0009,77.95,161029605383,166341109725,36,682615,2605969076,624281474
403.gcc.w6,44,0.0009,76.8840909091,167236013349,178946830185,8,397711,4022250207,754990594
403.gcc.w1,31,0.0006,76.4903225806,119923660606,146776685995,141,945837,1308552788,218366788
403.gcc.w0,20,0.0004,75.515,75293359688,76153169579,12,529355,1672056213,319998088
403.gcc.w3,18,0.0003,75.6333333333,72345510753,100744808170,129,491811,2172329070,118084130
403.gcc.w2,28,0.0005,75.6642857143,106724027597,134436782660,392,1404568,4004767933,178437089
410.bwaves.w0,457,0.0102,81.5203501094,1721019778290,3441257924615,0,889951598275,19886691139,1936892918
416.gamess.w1,90,0.0019,78.1166666667,337605820184,829649496037,0,169360961906,228037783,316748
416.gamess.w0,131,0.0028,77.1229007634,499363735507,1064156174406,2,207783737641,218263597,279635
416.gamess.w2,386,0.0082,77.4259067358,1439246292507,3473503221714,1,781530905700,1041752448,3165586
429.mcf.w0,338,0.007,75.7233727811,1253249369632,312612505400,0,25,31940074148,12649917603
433.milc.w0,377,0.0081,78.100530504,1408075518333,1162521987310,0,447257083647,22770353555,19063839811
434.zeusmp.w0,387,0.008,75.8248062016,1442479504121,1809028923911,185641,771169594304,8041295692,4052386318
435.gromacs.w0,402,0.008,72.8054726368,1501932333361,1964400162916,857507356482,6811866252,3479866765,34570363
436.cactusADM.w0,668,0.0141,76.9263473054,2454914566702,2717070487039,0,1669737198620,9416021275,4047200724
437.leslie3d.w0,337,0.0075,80.7403560831,1257407658417,1534423620001,0,632481630515,15543103147,2683524768
444.namd.w0,334,0.0068,74.6473053892,1262596441508,2284665630136,38,923726222205,311516816,25326199
445.gobmk.w4,72,0.0015,75.9513888889,271779773024,336829327220,120743914,33444863,452950209,47256406
445.gobmk.w2,68,0.0014,76.8088235294,255080282584,321155523353,266508542,96268973,836538606,93918306
445.gobmk.w3,53,0.0011,76.2943396226,201228436698,234435791689,45927144,15873187,463990440,47210967
445.gobmk.w0,53,0.0011,75.9339622642,202078033298,233303499382,35914580,12300414,560642341,47810062
445.gobmk.w1,138,0.0029,76.2427536232,516923624913,620990550038,200968255,54819038,1139023053,119296266
450.soplex.w0,131,0.0027,76.9549618321,494997627337,361109240840,0,28331800744,11739992867,3236528394
450.soplex.w1,92,0.002,81.6608695652,337639156107,381491776772,0,58843184764,5328939416,1692700318
453.povray.w0,147,0.0031,78.5040816327,550900210801,973140822103,2024062304,157732998867,479420208,147517
454.calculix.w0,628,0.0133,77.2017515924,2345205505195,6183643778058,11301814,2589250666572,4527210674,473248455
456.hmmer.w1,264,0.0056,77.0556818182,989591329124,1855324564762,4713388224,1185514410,420086873,55805
456.hmmer.w0,121,0.0026,77.5966942149,456008416282,876753512122,3274529,25687558,326936351,5402727
458.sjeng.w0,447,0.0093,76.0789709172,1669634243986,2256414317464,0,21603,1959998808,892839879
459.GemsFDTD.w0,340,0.0077,82.9226470588,1260930740287,1405824900227,0,747116541861,29869407863,10435700942
462.libquantum.w0,365,0.0085,84.8071232877,1358366067241,2290924397550,1178283723,158956745,37144568340,13957304303
464.h264ref.w0,53,0.0011,76.5943396226,203032540974,496518663015,2239,74225296,505975230,5327122
464.h264ref.w1,41,0.0008,76.687804878,154218866636,332122403340,2287,38633874,261482472,1605371
464.h264ref.w2,365,0.0077,76.8315068493,1360763841539,2956772963204,3174,361999310,2709675429,38955220
465.tonto.w0,396,0.0082,75.8881313131,1495341358406,2593973487628,25,498650615555,8850512476,188260613
470.lbm.w0,246,0.0058,86.0016260163,922872602544,1245969697086,0,762410998924,16115089745,3200457769
471.omnetpp.w0,288,0.006,75.6850694444,1073809592267,579965842739,3,1276858598,17248193293,7921207426
473.astar.w0,139,0.0029,75.8151079137,521942654605,405190291082,129237724,889018,8833342261,2738696202
473.astar.w1,216,0.0045,75.9342592593,804912747868,812361096266,42972443,269521,8061110043,248874691
481.wrf.w0,500,0.0106,76.9366,1857462559933,2977568233455,1078997214873,5329447277,5787037129,1409267757
482.sphinx3.w0,539,0.0115,77.5551020408,2006729211147,3356626911571,235155462646,710726209155,19257180476,2555741405
483.xalancbmk.w0,205,0.0042,75.9702439024,758085265563,986239046296,0,409035223,8425265768,2572573524
998.specrand.w0,0.0,0.0,0.0,271032306,580131368,0,1174642,86988,51722
999.specrand.w0,0.0,0.0,0.0,271672181,580285809,0,1174672,86658,55370
blackscholes,138,0.0027,72.8434782609,519648440428,696912471179,58823374805,108265722766,61890923,34545191
bodytrack,131,0.0026,72.3687022901,464406624123,818663259113,236957501553,11378272270,1175218566,20851663
canneal,211,0.0041,72.4118483412,794912069751,382618843296,0,7224541296,5151260898,3295014936
ferret,280,0.0061,79.945,1342773430978,1786570370105,106300034168,70129632225,3209608396,1775473749
fluidanimate,269,0.0056,75.8869888476,1007611795488,1687651027461,495921368233,11,2371141471,1312845270
freqmine,377,0.0079,76.0639257294,1445459484169,2548903241100,0,35,694020294,236832523
netstreamcluster,379,0.0088,84.354353562,1403912657618,1087155904566,670600739990,1730785155,18864806084,16852714854
streamcluster,369,0.0075,74.3292682927,1376797120843,1038002043957,668737019911,1754636158,18564581090,16753406901
swaptions,208,0.0043,75.3725961538,779598694706,1420657659894,2061329,293316563632,6506638,53389
x264,111,0.0023,75.4612612613,404775088190,611309338724,16488501,9989,3214843469,465261581
400.perlbench.w0,157,0.0033,76.8203821656,587569787487,1069813438523,0,9996259,2523354760,306107176
400.perlbench.w1,52,0.0011,78.2230769231,197827405213,371399681280,0,2273995,824731636,22516022
400.perlbench.w2,77,0.0016,77.4441558442,288560096816,668940336728,0,14651079,810033197,208524533
sleep2,1,0.0,44.4,851867,562298,0,8,13291,568
sleep3,2,0.0,44.65,854374,568845,0,8,13497,1182
sleep4,3,0.0,44.8666666667,861869,561477,0,8,12464,882
sleep5,4,0.0,44.675,864789,570121,0,8,13071,1007
sleep6,5,0.0,44.86,900585,567746,0,8,13281,1162
sleep7,6,0.0,45.1166666667,860654,567142,0,8,12471,1722
sleep8,7,0.0,45.0857142857,860081,557883,0,8,13260,1210
sleep9,8,0.0001,45.225,860165,571093,0,8,13345,1230
sleep10,9,0.0001,45.1888888889,852318,557436,0,8,13136,1133
sleep11,10,0.0001,45.03,895327,569255,0,8,13272,1073
sleep12,11,0.0001,45.5090909091,862764,565057,0,7,13264,963
sleep13,12,0.0001,45.175,862468,567728,0,8,13275,1017
sleep14,13,0.0001,45.4692307692,859371,561084,0,8,13327,1087
sleep15,14,0.0001,45.3071428571,857825,559748,0,6,13173,1102
sleep16,15,0.0001,45.6466666667,879052,564968,0,8,13332,1128
sleep17,16,0.0002,45.4875,856923,558960,0,6,13139,1128
sleep18,17,0.0002,45.6176470588,876534,565827,0,8,13167,1135
sleep19,18,0.0002,45.4444444444,862223,558830,0,7,14470,1713
sleep20,19,0.0002,45.7684210526,860130,565755,0,8,13320,1098
sleep21,20,0.0002,45.58,870017,566213,0,8,13281,1149
sleep22,21,0.0002,45.7476190476,860578,558548,0,6,12360,1157
sleep23,22,0.0002,45.5909090909,873220,567624,0,8,13099,1021
sleep24,23,0.0002,45.6086956522,864482,568589,0,8,13145,1036
sleep25,24,0.0003,45.625,871672,557484,0,8,13151,1049
sleep26,25,0.0003,45.712,888521,579547,0,8,12370,973
sleep27,26,0.0003,45.7230769231,851168,559391,0,6,13148,452
sleep28,27,0.0003,45.6777777778,845215,561178,0,8,13360,796
sleep29,28,0.0003,45.625,846842,559423,0,7,13133,784
sleep30,29,0.0003,46.9965517241,852010,564462,0,6,12389,496
sleep31,30,0.0003,45.8466666667,843310,562265,0,7,12475,563
sleep32,31,0.0004,45.9612903226,848901,559234,0,8,13126,608
sleep33,32,0.0004,45.75,877869,566071,0,8,12294,571
sleep34,33,0.0004,45.7575757576,844844,560705,0,8,13405,570
sleep35,34,0.0004,46.0411764706,841888,559349,0,8,12206,760
sleep36,35,0.0004,46.0457142857,848388,554007,0,8,12395,759
sleep37,36,0.0004,45.8888888889,848394,558997,0,6,12946,815
sleep38,37,0.0004,46.0243243243,874197,571587,0,8,14136,1102
sleep39,38,0.0004,45.8394736842,861875,568136,0,8,13939,1057
sleep40,39,0.0005,46.0102564103,860314,558245,0,8,12757,1068
sleep41,40,0.0005,46.03,867427,559834,0,7,13723,1067
sleep42,41,0.0005,45.9926829268,894090,562497,0,8,12363,1134
sleep43,42,0.0005,45.9404761905,866961,567986,0,8,13304,1156
sleep44,43,0.0005,45.7720930233,885582,565219,0,9,13258,1188
sleep45,44,0.0005,45.7704545455,861986,563748,0,8,12380,1061
sleep46,45,0.0005,45.9066666667,859597,567492,0,6,13271,998
sleep47,46,0.0005,45.9347826087,863209,558773,0,8,12265,1069
sleep48,47,0.0005,45.8765957447,862021,562548,0,8,13394,1011
sleep49,48,0.0006,46.0708333333,864004,565648,0,9,13108,1203
sleep50,49,0.0006,46.0551020408,863841,562870,0,8,13307,964
sleep51,50,0.0006,46.088,859023,566232,0,7,13275,1013
sleep52,51,0.0006,46.0509803922,858629,569532,0,8,12838,909
sleep53,52,0.0006,46.1538461538,872539,593217,0,8,12343,848
sleep54,53,0.0006,46.2113207547,890924,604326,0,9,13071,789
sleep55,54,0.0006,46.1759259259,859342,585320,0,6,13172,741
sleep56,55,0.0007,46.0945454545,862921,585091,0,8,12236,733
sleep57,56,0.0007,46.1553571429,865229,587792,0,7,13964,768
sleep58,57,0.0007,46.0649122807,876195,593491,0,9,12443,815
sleep59,58,0.0007,46.0431034483,857870,579534,0,8,13337,853
sleep60,59,0.0007,46.1389830508,879176,590097,0,8,13216,1079
sleep2,1,0.0,44.2,844488,558897,0,9,13879,747
sleep3,2,0.0,44.7,853048,560299,0,8,13218,945
sleep4,3,0.0,45.0666666667,871972,558375,0,8,12434,1009
sleep5,4,0.0,44.925,852255,564029,0,6,13186,972
sleep6,5,0.0,45.08,886310,579457,0,8,12541,943
sleep7,6,0.0,45.0333333333,866579,568861,0,6,13180,1019
sleep8,7,0.0,44.9428571429,860786,569022,0,6,13272,1008
sleep9,8,0.0001,45.2125,850919,558162,0,6,13263,993
sleep10,9,0.0001,45.0333333333,866290,563336,0,8,13416,870
sleep11,10,0.0001,45.21,862936,558809,0,8,13287,974
sleep12,11,0.0001,45.3454545455,873496,567181,0,9,13229,1015
sleep13,12,0.0001,45.4833333333,862497,562218,0,8,13511,1070
sleep14,13,0.0001,45.4,862626,567751,0,8,13224,1009
sleep15,14,0.0001,45.4928571429,858189,560515,0,6,13195,1077
sleep16,15,0.0001,45.6266666667,861516,562806,0,7,13378,1377
sleep17,16,0.0002,45.64375,872306,568001,0,8,13439,1123
sleep18,17,0.0002,45.3941176471,881981,561418,0,8,13395,1214
sleep19,18,0.0002,45.6777777778,865994,563392,0,8,13423,1458
sleep20,19,0.0002,45.7,874156,571233,0,7,13268,1092
sleep21,20,0.0002,45.75,888704,562611,0,8,13398,1031
sleep22,21,0.0002,45.6,863823,566372,0,8,13225,1113
sleep23,22,0.0002,45.6727272727,860990,565373,0,8,13335,1103
sleep24,23,0.0003,45.8434782609,858782,560266,0,8,13240,957
sleep25,24,0.0003,45.7041666667,861632,564003,0,7,13234,1073
sleep26,25,0.0003,45.996,871582,574185,0,7,13959,890
sleep27,26,0.0003,45.9423076923,849200,569580,0,9,13323,962
sleep28,27,0.0003,45.8703703704,861491,561179,0,6,12924,1138
sleep29,28,0.0003,45.9642857143,864422,562812,0,8,12827,1027
sleep30,30,0.0003,45.8766666667,858308,561486,0,6,13242,932
sleep31,30,0.0003,45.6333333333,893122,568063,0,8,13425,1310
sleep32,31,0.0003,45.9451612903,868465,562660,0,6,12973,1084
sleep33,32,0.0004,45.959375,860598,571551,0,8,13205,712
sleep34,33,0.0004,45.8333333333,865806,565854,0,6,13217,929
sleep35,34,0.0004,45.9147058824,847931,560198,0,8,13213,425
sleep36,35,0.0004,45.9285714286,884647,565795,0,8,13410,630
sleep37,36,0.0004,46.1722222222,851767,561743,0,8,12396,512
sleep38,37,0.0004,46.0459459459,847687,565704,0,6,13462,454
sleep39,38,0.0004,46.1447368421,869803,579431,0,8,13122,563
sleep40,39,0.0004,45.9512820513,851197,567686,0,7,13316,721
sleep41,40,0.0005,45.9525,872097,593021,0,8,13190,500
sleep42,41,0.0005,46.0585365854,852762,560785,0,8,13186,667
sleep43,42,0.0005,46.1880952381,884470,591008,0,8,13153,1053
sleep44,43,0.0005,45.9604651163,857798,558457,0,6,13005,1152
sleep45,44,0.0005,46.0727272727,872455,565807,0,6,13236,1036
sleep46,45,0.0005,46.1266666667,863324,563173,0,7,12299,1049
sleep47,46,0.0005,46.052173913,894157,571211,0,8,13320,1097
sleep48,47,0.0005,46.0765957447,853182,552917,0,6,13602,1072
sleep49,48,0.0006,46.1041666667,859476,561078,0,6,13259,1054
sleep50,49,0.0006,46.1489795918,905723,577918,0,8,13286,1123
sleep51,50,0.0006,46.11,865167,563063,0,7,13271,1161
sleep52,51,0.0006,46.2843137255,861042,562847,0,6,13269,972
sleep53,52,0.0006,46.1711538462,866100,561259,0,8,14074,1753
sleep54,53,0.0006,46.2,861873,559908,0,7,12331,1050
sleep55,54,0.0006,46.2425925926,857342,568866,0,8,13353,1033
sleep56,55,0.0007,46.3236363636,863020,561347,0,8,13332,1470
sleep57,56,0.0007,46.2357142857,876295,589411,0,9,12191,953
sleep58,57,0.0007,46.2,863528,590000,0,8,12143,822
sleep59,58,0.0007,46.1396551724,866674,591475,0,6,12421,1181
sleep60,59,0.0007,46.1644067797,865326,586284,0,9,13318,939
sleep2,1,0.0,44.3,861874,567661,0,8,13072,227
sleep3,2,0.0,44.85,834902,562740,0,8,12232,315
sleep4,3,0.0,44.9333333333,857731,565990,0,7,13381,329
sleep5,4,0.0,44.975,840273,566213,0,8,13237,704
sleep6,5,0.0,44.98,842265,561752,0,8,13008,322
sleep7,6,0.0,45.3833333333,845458,564133,0,9,13244,311
sleep8,7,0.0,44.9428571429,836734,553670,0,8,13710,345
sleep9,8,0.0001,45.5125,842797,564847,0,7,13098,494
sleep10,9,0.0001,45.3666666667,843205,565654,0,7,12326,483
sleep11,10,0.0001,45.49,891593,566127,0,8,12565,1093
sleep12,11,0.0001,45.5272727273,860100,563863,0,8,12330,1088
sleep13,12,0.0001,45.4333333333,862320,559891,0,9,12587,1102
sleep14,13,0.0001,45.6076923077,860581,559560,0,8,12488,1722
sleep15,14,0.0001,45.4571428571,860320,562101,0,8,13176,1070
sleep16,15,0.0001,45.6333333333,857414,560467,0,8,12608,1121
sleep17,16,0.0002,45.49375,869631,563826,0,6,13527,960
sleep18,17,0.0002,45.7705882353,884782,562834,0,8,12464,1767
sleep19,18,0.0002,45.5722222222,858540,561946,0,7,13263,1684
sleep20,19,0.0002,45.6263157895,862064,561286,0,8,13189,958
sleep21,20,0.0002,45.7,872225,567525,0,9,13433,1069
sleep22,21,0.0002,45.7476190476,863127,567853,0,8,12472,1098
sleep23,22,0.0002,45.8181818182,857018,562780,0,9,13265,1063
sleep24,23,0.0002,45.8217391304,864190,562123,0,7,13334,1005
sleep25,24,0.0003,45.8291666667,867488,567218,0,9,13245,1073
sleep26,25,0.0003,45.964,863507,560766,0,8,13187,1118
sleep27,26,0.0003,45.85,862270,554696,0,8,13257,1144
sleep28,27,0.0003,45.9888888889,862268,559649,0,6,13082,1128
sleep29,28,0.0003,45.9535714286,860197,553639,0,7,12384,1157
sleep30,29,0.0003,45.9344827586,860738,564569,0,9,12303,959
sleep31,30,0.0003,46.01,878188,568556,0,8,13132,1004
sleep32,31,0.0003,45.9935483871,863568,560202,0,9,12988,977
sleep33,32,0.0004,45.928125,856124,550862,0,8,13109,1092
sleep34,33,0.0004,46.1484848485,858095,553059,0,8,12137,1039
sleep35,34,0.0004,46.0235294118,863708,561440,0,7,13300,1039
sleep36,35,0.0004,46.0428571429,856241,564264,0,7,12469,728
sleep37,36,0.0004,46.0722222222,848404,561823,0,8,13304,774
sleep38,37,0.0004,46.0567567568,840795,559425,0,9,13423,829
sleep39,38,0.0004,46.1263157895,867935,571713,0,6,13640,987
sleep40,39,0.0005,46.3230769231,868858,563624,0,8,13362,1073
sleep41,40,0.0005,46.005,865640,564584,0,8,12393,1132
sleep42,41,0.0005,46.2951219512,891508,568049,0,8,12236,1059
sleep43,41,0.0005,46.2902439024,864625,559770,0,8,13222,1029
sleep44,43,0.0005,46.1534883721,872611,567244,0,8,13326,1371
sleep45,44,0.0005,46.2045454545,859590,561022,0,8,13282,1041
sleep46,45,0.0005,46.26,860328,589697,0,8,13296,721
sleep47,46,0.0005,46.2608695652,859114,592238,0,8,12279,625
sleep48,47,0.0006,46.4340425532,881165,595782,0,8,13400,1190
sleep49,48,0.0006,47.0479166667,865412,588453,0,8,12173,828
sleep50,49,0.0006,46.9285714286,860611,594649,0,8,13052,718
sleep51,50,0.0006,46.832,859230,579465,0,8,13167,778
sleep52,51,0.0006,46.6862745098,859747,587685,0,6,13542,809
sleep53,52,0.0006,46.3923076923,864880,587225,0,8,13252,866
sleep54,53,0.0006,46.2905660377,861072,585468,0,9,12294,879
sleep55,54,0.0006,46.3944444444,871967,596318,0,8,12423,1280
sleep56,55,0.0007,46.3781818182,870381,591017,0,8,13435,670
sleep57,56,0.0007,46.3375,869938,588129,0,9,12298,833
sleep58,57,0.0007,46.3140350877,908076,613063,0,8,13199,736
sleep59,58,0.0007,46.4327586207,865576,587493,0,6,12495,780
sleep60,59,0.0007,46.3779661017,867345,588592,0,8,13761,774
sleep2,1,0.0,44.5,862145,561799,0,7,12139,251
sleep3,2,0.0,45.15,834711,555506,0,8,13213,302
sleep4,3,0.0,45.3666666667,840183,559390,0,8,12287,306
sleep5,4,0.0,45.175,840691,567209,0,6,13275,288
sleep6,5,0.0,45.46,845192,567059,0,7,12865,375
sleep7,6,0.0,45.6,837681,560498,0,7,12445,457
sleep8,7,0.0,45.3857142857,846070,558843,0,8,12426,327
sleep9,8,0.0001,45.55,876338,569695,0,6,13199,483
sleep10,9,0.0001,45.6666666667,836845,568588,0,6,13392,447
sleep11,10,0.0001,45.51,833802,552810,0,8,12387,357
sleep12,11,0.0001,45.5454545455,844435,565339,0,9,13405,662
sleep13,12,0.0001,45.5,840360,560095,0,8,13090,537
sleep14,13,0.0001,45.1076923077,845239,570864,0,8,12122,474
sleep15,14,0.0001,45.0071428571,846353,561382,0,8,12277,408
sleep16,15,0.0001,45.2466666667,871885,567797,0,8,13312,508
sleep17,16,0.0002,45.2125,840974,561111,0,8,13158,859
sleep18,17,0.0002,45.3294117647,854726,570784,0,8,13181,1058
sleep19,18,0.0002,45.5666666667,846943,562752,0,8,12107,453
sleep20,19,0.0002,45.4210526316,852398,564985,0,8,13194,666
sleep21,20,0.0002,45.675,850069,566408,0,7,13043,448
sleep22,21,0.0002,45.5714285714,844679,561861,0,9,12360,519
sleep23,22,0.0002,45.4727272727,846819,562086,0,8,12032,472
sleep24,23,0.0003,45.5782608696,843321,564085,0,8,13439,434
sleep25,24,0.0003,45.4125,839515,558812,0,7,13506,594
sleep26,25,0.0003,45.768,860075,565380,0,8,12130,460
sleep27,26,0.0003,45.6769230769,849608,569392,0,8,13074,527
sleep28,27,0.0003,45.5111111111,845943,564586,0,8,13246,554
sleep29,28,0.0003,45.7321428571,841608,560953,0,8,14611,556
sleep30,29,0.0003,45.9965517241,852417,563670,0,8,13268,520
sleep31,30,0.0003,45.72,854283,564816,0,8,13078,540
sleep32,31,0.0003,45.8419354839,848100,554608,0,8,13211,563
sleep33,32,0.0004,45.959375,856535,561609,0,7,12291,621
sleep34,33,0.0004,45.6757575758,846324,562767,0,8,12394,1102
sleep35,34,0.0004,45.5676470588,852192,561613,0,8,12994,561
sleep36,35,0.0004,45.84,855351,560766,0,6,13302,859
sleep37,36,0.0004,45.7333333333,882609,581933,0,8,13118,749
sleep38,37,0.0004,45.727027027,856823,567461,0,7,13149,538
sleep39,38,0.0004,45.7815789474,861009,568650,0,8,12340,614
sleep40,39,0.0004,45.7871794872,861942,591728,0,8,13206,715
sleep41,40,0.0005,45.9,889723,593455,0,8,13149,854
sleep42,41,0.0005,45.956097561,856975,591481,0,8,13349,810
sleep43,42,0.0005,45.8404761905,865789,594741,0,8,13858,621
sleep44,43,0.0005,46.0674418605,872792,593694,0,8,13254,756
sleep45,44,0.0005,46.1022727273,858290,588821,0,9,11926,717
sleep46,45,0.0005,45.8733333333,871129,591320,0,9,13051,863
sleep47,46,0.0005,46.1652173913,881693,595032,0,7,13762,672
sleep48,47,0.0005,45.9319148936,875661,590903,0,8,12437,907
sleep49,48,0.0006,46.1395833333,868490,593363,0,8,13442,618
sleep50,49,0.0006,46.012244898,861717,586442,0,8,13180,965
sleep51,50,0.0006,46.028,866798,588833,0,8,13294,987
sleep52,51,0.0006,46.0529411765,862410,579349,0,8,13111,618
sleep53,52,0.0006,46.0307692308,866888,597539,0,7,13323,794
sleep54,53,0.0006,46.0075471698,865287,586544,0,8,13496,697
sleep55,54,0.0006,46.1222222222,868828,587305,0,6,13317,761
sleep56,55,0.0006,46.1545454545,858274,584311,0,7,13893,755
sleep57,56,0.0007,45.9696428571,875620,589403,0,6,13294,714
sleep58,57,0.0007,45.9736842105,864127,578517,0,8,12314,739
sleep59,58,0.0007,46.0086206897,868138,584631,0,8,13307,833
sleep60,59,0.0007,45.9983050847,874709,585151,0,9,13064,930
sleep2,1,0.0,44.4,834729,565344,0,8,13447,267
sleep3,2,0.0,44.65,838643,567843,0,6,12225,304
sleep4,3,0.0,44.7333333333,847850,565381,0,8,13302,330
sleep5,4,0.0,44.8,835983,565671,0,7,13206,349
sleep6,5,0.0,44.88,842711,566156,0,8,12961,311
sleep7,6,0.0,44.8,843266,565817,0,8,13586,399
sleep8,7,0.0,45.3142857143,840691,559698,0,6,13457,345
sleep9,8,0.0001,44.925,839753,555588,0,8,13372,312
sleep10,9,0.0001,45.1333333333,848966,568373,0,8,12698,394
sleep11,10,0.0001,45.04,858364,564090,0,8,12094,465
sleep12,11,0.0001,45.2454545455,847576,560460,0,8,13114,404
sleep13,12,0.0001,45.2333333333,844074,569063,0,8,14102,359
sleep14,13,0.0001,45.5076923077,881159,569658,0,8,12166,401
sleep15,14,0.0001,45.5285714286,842547,564259,0,8,13499,438
sleep16,15,0.0002,45.6666666667,845395,563016,0,8,13132,407
sleep17,16,0.0002,45.3125,858659,556060,0,8,13313,495
sleep18,17,0.0002,45.6411764706,844470,561998,0,8,12205,397
sleep19,18,0.0002,45.3388888889,847329,563866,0,8,13083,483
sleep20,19,0.0002,45.6052631579,849695,564786,0,9,13563,529
sleep21,20,0.0002,45.5,850215,568564,0,9,13222,540
sleep22,21,0.0002,45.680952381,842858,567637,0,8,13301,761
sleep23,22,0.0002,45.6454545455,845034,564951,0,8,12143,502
sleep24,23,0.0002,45.4956521739,853220,567517,0,9,13226,434
sleep25,24,0.0003,45.5541666667,836575,552100,0,8,13112,606
sleep26,25,0.0003,45.508,862174,571810,0,7,13174,568
sleep27,26,0.0003,45.7538461538,859325,566723,0,8,12154,469
sleep28,27,0.0003,45.8925925926,850820,564186,0,8,13085,717
sleep29,28,0.0003,45.8785714286,848735,565428,0,8,14220,740
sleep30,29,0.0003,45.8068965517,840266,549852,0,8,13356,623
sleep31,30,0.0003,45.85,847934,563882,0,7,12354,648
sleep32,31,0.0004,45.9032258065,852819,560544,0,8,13134,497
sleep33,32,0.0004,46.065625,853141,566216,0,8,13276,938
sleep34,33,0.0004,46.0393939394,872385,581170,0,8,12381,780
sleep35,34,0.0004,45.6882352941,884292,563609,0,8,13130,650
sleep36,35,0.0004,46.0514285714,848255,560265,0,7,13362,632
sleep37,36,0.0004,45.9694444444,847213,569404,0,8,12264,704
sleep38,37,0.0004,45.8567567568,850280,561521,0,7,13897,703
sleep39,38,0.0004,46.0473684211,847852,564180,0,6,13125,832
sleep40,39,0.0004,45.8512820513,863020,571273,0,8,12365,925
sleep41,40,0.0005,46.155,849821,572621,0,9,13334,708
sleep42,41,0.0005,46.0073170732,859195,583029,0,8,13410,763
sleep43,42,0.0005,46.0023809524,865312,588201,0,6,12221,604
sleep44,43,0.0005,45.8395348837,864751,591100,0,6,12908,739
sleep45,44,0.0005,45.8386363636,861439,583454,0,8,13814,496
sleep46,45,0.0005,45.9555555556,856171,589557,0,8,12334,773
sleep47,46,0.0005,45.8369565217,890073,593419,0,9,13468,747
sleep48,47,0.0005,45.9617021277,872143,591787,0,7,13238,765
sleep49,48,0.0006,46.05625,875772,590580,0,8,13111,589
sleep50,49,0.0006,46.1,880516,591643,0,7,13331,732
sleep51,50,0.0006,45.996,866728,592229,0,8,12339,764
sleep52,51,0.0006,45.8647058824,874438,590702,0,8,12451,792
sleep53,52,0.0006,46.1346153846,869428,591414,0,8,13194,844
sleep54,53,0.0006,46.0283018868,862702,587733,0,6,12229,815
sleep55,54,0.0006,46.0833333333,866023,594167,0,8,13153,653
sleep56,55,0.0006,46.0527272727,866015,586817,0,9,13793,677
sleep57,56,0.0007,46.3089285714,868661,593231,0,6,12370,745
sleep58,57,0.0007,46.2403508772,891868,583654,0,8,13145,903
sleep59,58,0.0007,46.2086206897,863734,589871,0,8,13158,729
sleep60,59,0.0007,46.0288135593,860436,589922,0,6,12181,728
